{
  "train_loss": [
    0.6434062123298645,
    0.3274129458836147,
    0.10854867100715637,
    0.14896443060466222,
    0.18847021886280604
  ],
  "val_loss": [
    -0.9470112323760986,
    -0.6352754235267639,
    -0.2912153899669647,
    0.04544523358345032,
    0.29767531156539917
  ],
  "val_sharpe": [
    3.3284811973571777,
    2.4208858013153076,
    1.4551466703414917,
    0.6145738363265991,
    0.0191587433218956
  ],
  "val_sortino": [],
  "val_dir_acc": [
    0.75,
    0.75,
    0.75,
    0.75,
    0.75
  ],
  "learning_rates": [
    0.00204,
    0.002851453896040421,
    0.0018337860658088675,
    0.0005647750381507108,
    1.1999999999999998e-08
  ]
}